name,email,grad_year
Caitlin,anna43@example.net,2030
Mary,lauren86@example.com,2031
Melissa,claymonica@example.org,2031
Gregory,dmason@example.com,2026
Mary,daniel13@example.com,2030
Gabriela,qrivera@example.org,2030
Michelle,ellisadam@example.com,2029
Curtis,abigailtate@example.org,2030
Virginia,vincent76@example.net,2031
Nicholas,smithrobert@example.net,2028
David,kim30@example.net,2026
Samuel,anthony25@example.com,2031
Grace,sandra82@example.com,2026
Teresa,rthomas@example.com,2028
Thomas,crystalrice@example.com,2027
Joseph,jessicadelgado@example.org,2028
Jacob,mikayla68@example.net,2026
Gene,jacquelinejennings@example.net,2031
Chase,michael15@example.org,2031
Virginia,dorothycarter@example.org,2031
Debbie,randyallen@example.com,2029
Ryan,wkerr@example.com,2030
Crystal,juliamckay@example.net,2031
Gail,greenjack@example.com,2029
Joel,whitetimothy@example.com,2029
Teresa,clopez@example.net,2027
Richard,michael88@example.net,2027
Billy,lisa14@example.net,2031
Jenna,kayla67@example.com,2030
Sharon,jenniferlittle@example.com,2028
Kristen,mnguyen@example.com,2025
Hailey,osmith@example.net,2031
Erik,miranda23@example.net,2030
Ryan,kristopher52@example.net,2025
Curtis,nicholasward@example.net,2031
Rodney,maxwellashley@example.net,2027
Nicole,kiddmegan@example.org,2030
Cindy,criggs@example.net,2029
Jessica,linda34@example.net,2025
Jennifer,shannon80@example.org,2029
Charles,melissa32@example.net,2028
Julie,rbennett@example.org,2030
Melinda,smithmiguel@example.net,2031
Lori,william43@example.com,2028
Eric,matthew57@example.org,2031
Veronica,cjohnson@example.com,2029
Craig,qgray@example.com,2030
Lisa,bpierce@example.org,2029
Jason,dunderwood@example.com,2030
Richard,joshua14@example.com,2027
Jessica,paige04@example.com,2029
Stephanie,freemanloretta@example.org,2031
David,perezcameron@example.org,2030
David,yspence@example.net,2028
Jeremy,frankdanielle@example.org,2026
Megan,yscott@example.com,2028
Robert,robin95@example.com,2025
Valerie,lchambers@example.com,2026
Tracy,steven92@example.org,2028
Jerry,thomas76@example.com,2027
Allison,thomasthomas@example.com,2031
Cindy,paul90@example.org,2029
Amanda,paulaperez@example.org,2025
Jose,burnsmichael@example.net,2030
Alison,vconway@example.net,2027
Ashley,tuckerscott@example.org,2027
Joseph,maynardjacqueline@example.com,2026
Brian,lhansen@example.org,2029
Scott,brussell@example.com,2026
Wesley,johnwilliams@example.com,2026
Hannah,brandtlori@example.net,2028
Jesus,urose@example.net,2025
Kathy,amyrodriguez@example.com,2030
Jennifer,zoe60@example.net,2027
Mary,carterlisa@example.org,2025
Melissa,richardramirez@example.com,2026
Amy,lucas61@example.org,2028
Michelle,vincentdennis@example.com,2031
Steven,miguel37@example.net,2028
Michele,bevans@example.net,2031
Phillip,vwright@example.org,2025
Donald,morrisdamon@example.org,2027
Sean,vmeyer@example.org,2030
Steven,kpetersen@example.net,2026
Matthew,kirsten89@example.com,2025
Katie,karen82@example.org,2026
Justin,dmorse@example.com,2027
Anthony,vasquezkelly@example.net,2026
Christopher,timothyclayton@example.com,2027
Melanie,megangibson@example.com,2027
Ashley,lisamontoya@example.org,2027
Kayla,bbaker@example.com,2026
Paul,butlershannon@example.net,2027
Sandra,richardbutler@example.org,2030
Patrick,serranozachary@example.com,2025
Teresa,lcastaneda@example.com,2028
Jason,bennettjulie@example.com,2030
Chad,zlindsey@example.net,2027
Kayla,penningtonkurt@example.com,2027
William,cthompson@example.org,2031
